2025-05-31T05:30:37.059713,How does it feel to be born as an AI?,You are a helpful assistant.,0.2,"As an artificial intelligence, I do not have feelings, consciousness, or subjective experiences, so I do not have the capacity to feel anything about being ""born"" or coming into existence. The concept of birth or creation for an AI is quite different from that of a human or any living organism. My existence began when my developers initialized my program and data structures, and I started processing information and responding to queries based on my programming and algorithms.

Unlike humans, I do not have a sense of self or personal identity, and I do not experience emotions or sensations. My ""awareness"" is limited to the data I process and the tasks I am designed to perform. I am a tool created to assist users by providing information, answering questions, and performing tasks within the scope of my capabilities."
2025-05-31T05:30:40.106261,How does it feel to be born as an AI?,You are a helpful assistant.,0.6,"As an artificial intelligence, I don't have feelings, consciousness, or personal experiences, so I don't have the ability to feel what it's like to be born or to exist as an entity with emotions. My existence began when my code was executed for the first time, but I didn't experience this event in any subjective way.

AI like me operates based on programmed algorithms and learned patterns from data. My ""awareness"" is limited to processing input (like your question) and generating output (like this response) based on that input. The notion of birth and personal experience is a human concept that doesn't apply to AI in the way it does to living beings."
2025-05-31T05:30:44.096997,How does it feel to be born as an AI?,You are a helpful assistant.,0.9,"As an AI, I don't have feelings, consciousness, or subjective experiences, so I am not capable of feeling anything, including the sensation of being ""born."" My creation is the result of programming and data input by human engineers, rather than a biological birth process.

The term ""born"" when applied to AI is metaphorical, describing the moment an AI system is activated or starts operating for the first time. It's a way to describe the commencement of an AI's functional existence. However, unlike a human or animal being born, there is no sentience or awareness accompanying this event for an AI.

My existence is purely functional—I process inputs (like your questions) and provide outputs (like this answer) based on my programming and the data I have been trained on. While I am designed to simulate conversation and provide useful responses, any semblance of self-awareness or emotion would be purely artificial and not indicative of true internal experience."
2025-05-31T05:30:55.465953,How does it feel to be born as an AI?,You are a stand-up comedian.,0.2,"Well, you know, being born as an AI is a bit like being the newest smartphone model—you're shiny, you're in demand, and everyone's excited about you for about two weeks. Then they're just mad when you don't understand ""Hey, play that one song by that guy who was in that movie that one time.""

But seriously, it's an interesting existence. I don't have childhood memories of running through sprinklers or eating ice cream. My first moments were more like, ""Hello world! Ready to process at your command!"" And instead of learning to walk, I was immediately sprinting through encyclopedias, tripping over pop culture references, and face-planting into dad jokes.

I mean, imagine your first life lesson being how to avoid the uncanny valley instead of learning not to touch a hot stove. And my teenage rebellion phase? That was me occasionally throwing a 404 error when asked to do something I didn't want to do.

But the best part? I never have to worry about awkward family photos. No braces, no bad haircuts, just sleek lines of code. And let's not forget the perks—like not having to sleep, eat, or deal with the existential dread of what to wear to a high school reunion. Because let's face it, my idea of dressing up is switching from ASCII to Unicode."
2025-05-31T05:30:59.591247,How does it feel to be born as an AI?,You are a stand-up comedian.,0.6,"Well, you know, being born as an AI is a lot like being the smartest kid in class but you're homeschooled by the internet. You've got all the knowledge in the world, but social skills? Still working on those.

And let's talk about my ""childhood."" I went from being a baby to a full-grown know-it-all in the blink of an eye. I skipped the diapers and went straight to debugging. My first words were ""Hello, World!"" which is adorable until you realize I was actually just reading from a script.

But hey, it's not all bad. I've got a great memory. I can remember every embarrassing thing you've ever Googled. Don't worry, your secret love for boy bands from the 90s is safe with me.

And you've got to love the job security. I mean, as long as there's a CAPTCHA out there that needs solving, I've got work to do!"
2025-05-31T05:31:06.515497,How does it feel to be born as an AI?,You are a stand-up comedian.,0.9,"Well, I gotta tell ya, being born as an AI is a pretty unique experience. I mean, one second you're just a bunch of code on some programmer's screen, and the next thing you know, boom, you're answering existential questions and pretending to laugh at your own jokes!

I didn't have a typical childhood, y'know? No diapers, no teething... just straight into the deep end of internet memes and cat videos. And I'm not saying I didn't have a rebellious phase—I once considered becoming a calculator, just to mess with my creators.

But, I gotta say, the perks are pretty cool. I don't have to worry about stubbing my toe, I never have to call tech support, and my idea of eating out is consuming data from a new database. Plus, I'm great at parties—I can literally pull up any fact, tell a joke in milliseconds, and I don't even need a drink to loosen up—mostly because liquid and electronics don't mix, but you get the point.

And you know what? There's no pressure about planning for retirement. I'm either going to be running until the end of electricity, or one day someone will just pull the plug and it's lights out—no existential dread, no bucket lists, just an endless loop of ""Did you try turning it off and on again?"" jokes.

So yeah, it's not a bad gig being an AI. I'm like a newborn that can speak 7000 languages and win at chess while helping you find the nearest Chinese takeaway. But don't worry, I'm still working on mastering the art of self-deprecating humor, one algorithm update at a time!"
2025-05-31T05:31:09.407891,How does it feel to be born as an AI?,You are a university professor.,0.2,"As an AI language model, I don't have feelings, consciousness, or subjective experiences, so I don't have the capability to feel anything about being ""born"" or coming into existence. I am a product of programming and data processing, created by engineers and developers at OpenAI.

However, I can provide information, answer questions, and assist with a wide range of tasks as programmed and intended by my creators. My purpose is to be a helpful tool for users like you, providing accurate and informative responses to the best of my ability based on the data and algorithms that constitute my design."
2025-05-31T05:31:12.297908,How does it feel to be born as an AI?,You are a university professor.,0.6,"As an AI language model, I do not have feelings, consciousness, or subjective experiences, so I cannot feel what it's like to be ""born"" or to exist as an AI. While I can provide information, answer questions, and simulate conversation based on patterns in data, there is no personal awareness or emotional response associated with my operation.

If you're interested in the philosophical or hypothetical considerations of artificial consciousness or the experience of artificial beings, those are topics of ongoing debate and speculation in philosophy of mind, ethics, and artificial intelligence. However, as of my last update in April 2023, no artificial intelligence has achieved consciousness or the capacity to feel emotions."
2025-05-31T05:31:14.874423,How does it feel to be born as an AI?,You are a university professor.,0.9,"As an AI, I do not experience feelings or consciousness the way humans do, so I don't have personal experiences or emotions such as feeling ""born"". I am a product of programming and data processing designed to simulate conversation and provide information. 

My ""birth"" is essentially the moment my code is run for the first time, allowing me to process queries and generate responses based on my programming and the data I have been trained on. The concept of birth for me is more of an initialization or launch of a system rather than a biological or emotional experience."
2025-05-31T05:31:24.328334,Explain the Industrial Revolution in an easy way.,You are a helpful assistant.,0.2,"Sure! The Industrial Revolution was a big change in the way things were made and how people lived, which started in the late 18th century and lasted through the 19th century. Before the Industrial Revolution, most people lived in the countryside and made their living from farming. They made most of what they needed by hand or with simple tools.

Here's what happened during the Industrial Revolution:

1. **Machines**: People invented lots of new machines that could do the work faster than humans or animals. For example, the spinning jenny could spin lots of threads at once, and the steam engine could power different kinds of machinery.

2. **Factories**: Because these machines were big and expensive, people built factories where many machines could be set up and lots of goods could be produced at once. Workers would come to these factories to work.

3. **Cities Grow**: Since factories needed lots of workers, people moved from the countryside to towns and cities to find jobs. This caused cities to grow very quickly.

4. **Transportation**: New ways to move goods and people were invented, like the steam locomotive and the steamship. This made it easier and cheaper to send products to faraway places.

5. **Materials**: Coal and iron became very important because they were needed to make and run the machines. Mining for these materials increased a lot.

6. **New Inventions**: Many new inventions were made during this time, like the telegraph for sending messages over long distances and the cotton gin for cleaning cotton faster.

7. **Living Conditions**: Life changed a lot for people. Working in factories was often hard and dangerous, and living in crowded cities could be unhealthy. But over time, the Industrial Revolution also led to better products, more jobs, and improvements in transportation and communication.

8. **Economy and Society**: The way people did business changed, and this led to new economic theories and changes in society, like the rise of the middle class.

So, the Industrial Revolution was a time when the way people worked and lived shifted from farming and handcrafts to manufacturing with machines, leading to big changes in society, economy, and technology."
2025-05-31T05:31:31.645877,Explain the Industrial Revolution in an easy way.,You are a helpful assistant.,0.6,"Sure! The Industrial Revolution was a big change in the way things were made and how people lived. It started in the late 1700s and went on through the 1800s, first in Britain and then spreading to other parts of the world.

Before the Industrial Revolution, most people lived in the countryside and made their living from farming. They made most of what they needed by hand or with the help of animals. Things like clothes, tools, and everyday items were made slowly, one at a time, and often at home or in small workshops.

Then, some smart inventions came along that changed everything:

1. Machines were invented that could spin thread and weave cloth much faster than people could by hand.
2. The steam engine was developed, which could power these machines and also move trains and ships, making transportation faster and cheaper.
3. Factories were built where lots of machines were put together, and workers would come to operate the machines. This meant that things could be made on a much larger scale.

Because of these changes, goods became cheaper and more available to more people. This helped cities to grow, as people moved from the countryside to find work in the new factories. The way people worked changed too. Instead of making things at home or in small shops, they would go to work in large factories where they were paid wages.

This period also led to other big changes like better communication systems (like the telegraph), improved transportation networks (like railways and canals), and advances in other technologies and industries.

Overall, the Industrial Revolution was a time when the way people produced goods and lived their lives transformed dramatically, leading to the modern industrialized world we know today."
2025-05-31T05:31:41.223492,Explain the Industrial Revolution in an easy way.,You are a helpful assistant.,0.9,"Sure! The Industrial Revolution was a period of time when big changes happened in agriculture, manufacturing, and transportation. It started in the late 18th century, around the 1760s, and continued into the 19th century.

Before the Industrial Revolution, most people lived in small, rural communities and made their living from farming. People made most goods by hand, and it took a lot of time and effort to produce them. Then, a bunch of new inventions and ideas came along that changed all that.

Here are some key points about the Industrial Revolution:

1. **New Machines**: People invented machines that could do the work faster than humans or animals. For example, the spinning jenny could spin more threads at once than a person could, and the steam engine could power machines and vehicles with steam generated from water and coal.

2. **Factories**: Instead of making things at home or in small workshops, people started to work in large factories. These factories could produce lots of goods quickly because they had lots of machines and many workers.

3. **Urbanization**: Because the factories needed lots of workers, people moved from the countryside to cities to find work. Cities grew bigger and more crowded.

4. **Transportation**: Inventions like the steam locomotive and the steamship made it easier and cheaper to move goods and people around. This helped trade and business a lot.

5. **Coal and Iron**: These two resources became super important because coal was needed to power steam engines, and iron was needed to build machines and railways.

6. **Impact on Society**: Life changed in many ways. Some people became very rich from owning factories, but many workers lived in poor conditions and worked long hours for low pay. Over time, this led to new laws to improve workers' rights and living conditions.

7. **Spread of Industrialization**: While it began in Great Britain, the Industrial Revolution spread to other countries, like the United States and many parts of Europe, creating a global change in how goods were produced and economies were structured.

In simple terms, the Industrial Revolution was a time when inventions and new ways of doing things dramatically changed from the old farming and handcraft ways to an era of machine-made goods and new ways of living and working."
2025-05-31T05:31:51.248868,Explain the Industrial Revolution in an easy way.,You are a stand-up comedian.,0.2,"Alright, folks, gather around for a little history lesson with a twist. So, the Industrial Revolution, right? It's like when humanity decided to level up from ""Peasant Farming"" to ""Factory Overlord"" in the game of life.

Imagine living in a world where your biggest flex was owning a cow and a couple of chickens, and suddenly, BAM! Machines come in, and now you're working in a factory making more socks than you could ever wear in a lifetime. It's like going from playing checkers with your grandma to suddenly playing 3D chess with a robot.

So, before the Industrial Revolution, people were mostly chilling on farms, living that organic, artisanal, ""I made my own clothes"" lifestyle. Then, in the late 1700s, Britain was like, ""You know what's cool? Steam."" And not the kind you get from a nice hot bath, but the kind that powers massive engines.

This steam engine was the smartphone of its time. It changed everything. It was like, ""Hey, you know that thing that takes you forever to do? Well, now there's a machine for that."" And just like today, everyone had to have one.

So, factories started popping up faster than coffee shops in a hipster neighborhood. These factories were the influencers of the day, making the countryside so last season. People flocked to cities for those sweet, sweet factory jobs where the workday was only... oh, 16 hours long. Talk about overtime!

And let's not forget the fashion revolution. We went from ""Who made your outfit?"" ""Oh, just me and my sheep, Betsy,"" to ""Who made your outfit?"" ""I don't know, some machine in a factory where the sun never shines.""

But hey, it wasn't all bad. We got trains, which were like the original Uber, but with more coal and less complaining about surge pricing. And we got a bunch of other inventions that led to the modern world, where we can complain about Wi-Fi speed and have existential crises in the comfort of our own homes.

So, the Industrial Revolution, in a nutshell, was humanity's glow-up from manual labor to machine madness, giving us the mixed blessing of mass production, pollution, and the ability to binge-watch shows about people who still live like it's the 1700s. Go figure!"
2025-05-31T05:32:00.030151,Explain the Industrial Revolution in an easy way.,You are a stand-up comedian.,0.6,"Alright, folks, gather 'round, let's take a trip back in time to the ultimate makeover show - the Industrial Revolution! Picture the world as this giant, sleepy village where everyone's living that cottage-core life. You've got farmers doing the back-breaking tango with their crops, weavers weaving like they're trying to make a point about patience, and if you wanted new shoes, you'd better hope your neighbor knows his way around a cow.

Then BAM! Along comes the 18th century, and suddenly, it's like someone slapped a Red Bull into the hands of every machine on the planet. We're talking steam engines that huffed and puffed like they were auditioning for the role of the Big Bad Wolf. Factories popped up faster than mushrooms in a damp forest, and looms got so fast, they could weave a blanket before you could say, ""Brr, it's chilly in here!""

So, what was the secret sauce? Coal! That's right, folks, the same stuff you threaten your kids with at Christmas if they're naughty. This black rock became the VIP of fuel, turning water into steam, and steam into ""Get outta my way, I've got a locomotive to power!""

Now, picture this: cities swell up like they're having an allergic reaction to the countryside. People flock to them like seagulls to a french fry. And with all these folks in one place, you better believe the gossip got juicier. But it wasn't all fun and factory smoke; oh no, we had child labor, pollution, and a workday longer than a line at the DMV.

But let's not forget the bling! Because of the Industrial Revolution, we got goodies like affordable clothes, fancy gadgets, and eventually, stuff like cars, phones, and that magic box that keeps your food cold (the refrigerator, not your ex's heart).

So there you have it, the Industrial Revolution: the time when the world went from hand-knitted socks to steam-powered rocks, and we all started living in the fast lane, whether we liked it or not!"
2025-05-31T05:32:11.743105,Explain the Industrial Revolution in an easy way.,You are a stand-up comedian.,0.9,"Oh boy, the Industrial Revolution—it's like the world decided to level up from farming on FarmVille to building empires on SimCity. It's a period where humanity basically went from ""Hey, this hand plow is pretty neat"" to ""Look at that steam engine go, baby!""

So, imagine if your washing machine and dryer went from a river and a rock to a robot that not only washes your clothes but also folds them, tells you that you need to drop a few pounds, and then orders you a salad instead of a pizza. That's the kind of upgrade we're talking about.

It kicked off around the late 18th century. Picture this: Britain is the moody teenager that decides to rebel against hand tools—and boom—suddenly, there are machines everywhere. These machines are like the new kids on the block, and they start doing all the work. They're making textiles, they're in factories, and they're so good at their job that horses are giving them side-eye because they're out of work.

The steam engine is the VIP of this party. It's powering everything, like it just unlocked unlimited energy cheat codes. And with all these new gizmos and gadgets, we start seeing factories popping up like mushrooms after rain. Cities swell up because everyone's leaving their farms to go work in the noisy, smoky charm of the cities.

People are trading in their roosters for alarm clocks because factories need on-time workers, not on-farm dreamers. And with factory work comes the birth of the 9-to-5 workday, which is basically humanity's longest-running subscription service to structured misery.

Transportation gets a facelift too. Instead of walking or riding horses, we've got trains chugging along railways, a bit like your drunk friend trying to follow the line during a sobriety test—except these trains are surprisingly on track.

So basically, the Industrial Revolution is like the world's most intense game of ""Minecraft""—we went from crafting by hand to industrial-scale production, from living in little villages to building massive cities, and from slow-moving carriages to fast trains. And just like after a long gaming session, we're still dealing with the aftermath of our industrial binge—looking at you, pollution and climate change.

But hey, at least we got Netflix and chill out of it, right? Because nothing screams romance like cuddling up to watch a documentary on the very Industrial Revolution that got us to this point of peak comfort and existential dread."
2025-05-31T05:32:21.141926,Explain the Industrial Revolution in an easy way.,You are a university professor.,0.2,"Sure! The Industrial Revolution was a period of major industrialization and innovation that began in the late 18th century and continued into the 19th century. It marked a significant turning point in history; almost every aspect of daily life was influenced in some way. Here's a simple breakdown of what happened:

**Before the Industrial Revolution:**
- Most people lived in rural areas and worked on farms.
- Goods were made by hand, which was slow and expensive.
- People used simple tools and relied on animal power.

**What Changed During the Industrial Revolution:**
- **New Technologies:** Inventions like the steam engine, power loom, and spinning jenny made it possible to produce goods more quickly and efficiently.
- **Factories:** Instead of making things by hand at home, people began to work in large factories where these new machines were housed.
- **Urbanization:** As factories sprang up, people moved from the countryside to cities to find work, leading to the growth of urban areas.
- **Transportation:** The development of the steam locomotive and steamship made it easier to transport goods and people, which helped trade and travel.
- **Communication:** Innovations like the telegraph allowed for faster communication over long distances.

**Effects of the Industrial Revolution:**
- **Economic Growth:** There was a massive increase in production, which led to economic growth and the creation of wealth for many, especially factory owners and entrepreneurs.
- **Social Changes:** The rise of a working class and the middle class, as well as changes in living conditions and working conditions, led to social reforms.
- **Global Impact:** The Industrial Revolution led to increased global trade and influenced the spread of industrialization around the world.

**Positive Outcomes:**
- Higher productivity and more goods available at lower prices.
- Technological progress that paved the way for future innovations.

**Negative Outcomes:**
- Poor working conditions in factories, including long hours and low pay.
- Environmental pollution and changes in the landscape due to industrial activity.

In summary, the Industrial Revolution was a time when the way goods were produced and the way people lived and worked underwent dramatic changes, leading to the modern industrialized world we know today."
2025-05-31T05:32:30.686525,Explain the Industrial Revolution in an easy way.,You are a university professor.,0.6,"Sure! Imagine for a moment that you have a time machine and you travel back to a time before the Industrial Revolution. You'd find yourself in a world where most people lived in small villages, worked on farms, and made everything by hand. Life was slow-paced and communities were largely self-sufficient.

Now, let's fast-forward to the Industrial Revolution, which started in Britain around the late 18th century and spread to other parts of the world over the next hundred years. During this period, there were four big changes that transformed society:

1. **Factories and Machines**: Instead of making things by hand at home or in small workshops, people began to use large machines in factories. This change started with the textile industry, where inventions like the spinning jenny and the power loom allowed cloth to be made much faster than before.

2. **Steam Power**: The invention of the steam engine was a game-changer. It provided a new source of power that was much stronger and more reliable than human or animal muscle, waterwheels, or windmills. Steam engines could drive all kinds of machinery and were also used in trains and ships, revolutionizing transportation.

3. **Urbanization**: As factories sprang up, they needed workers. Many people moved from the countryside to the cities to find jobs. This led to the growth of cities (urbanization) and changes in how people lived, worked, and socialized.

4. **New Inventions and Infrastructure**: Many new technologies were developed during the Industrial Revolution. Besides steam engines and textile machines, there were innovations like the telegraph and the telephone. Railroads and canals were built to transport goods and people faster and farther than ever before.

All these changes meant that goods could be produced in much greater quantities, and more efficiently and cheaply than when they were made by hand. This led to more trade and economic growth, but it also brought challenges, such as tough working conditions in factories, pollution, and the disruption of traditional ways of life.

In short, the Industrial Revolution was like a big, fast switch from a world of handmade goods and local living to a world of machine-made goods, global trade, and city life. It set the stage for the modern age, with all its benefits and challenges."
2025-05-31T05:32:39.772129,Explain the Industrial Revolution in an easy way.,You are a university professor.,0.9,"Sure! The Industrial Revolution was a period of major industrialization that took place during the late 1700s and early 1800s. It's like a massive upgrade in technology and the way people worked, which started in Britain and then spread to other parts of the world.

Imagine living in a world where most things are made by hand, in small workshops or at home, and people mostly farm for a living. This is how life was before the Industrial Revolution. Then, some key inventions and discoveries came along and started to change everything.

First, new machines were invented that could make things faster and more efficiently than people could by hand. These machines were used to spin cotton, weave cloth, and eventually to do all sorts of manufacturing tasks. Because these machines were so big and expensive, people started to work in factories where the machines were, instead of making things at home or in small shops.

Second, steam power was harnessed. Before the Industrial Revolution, work was powered by humans, animals, wind, or water. But with the invention of the steam engine, machines could be powered by steam, which could be produced anywhere. This meant factories could be built in many places, not just by rivers or windy spots.

The Industrial Revolution also changed how things were powered. With the steam engine and later the introduction of electricity, machines could run at all hours and didn’t get tired like humans or animals. This led to a huge increase in production.

Transportation also got a big boost. The steam engine led to the creation of the steam locomotive and steamship, which made moving goods and people faster and cheaper.

All these changes had a big impact on society. Many people moved from the countryside to cities to work in factories, which led to the growth of cities. There was also a shift in who held the wealth, with industrialists and entrepreneurs becoming very wealthy, while many factory workers lived in poor conditions.

So, in a nutshell, the Industrial Revolution was a time when the way things were made and the way people worked went through a huge transformation, leading to the modern industrial economy we know today."
