timestamp,question,rank,chunk_index,distance,matched_text
2025-06-08T22:33:08.521381,GPT가 왜 중요한 기술인가요?,1,2,1.0337,"2. 딥러닝과 GPT의 부상 2010년대에 들어 딥러닝 기술이 비약적으로 발전하면서 AI는 급속도로 성장했다. 특히 2018년 OpenAI에서 발표한 GPT(Generative Pretrained Transformer) 시리즈는 자연어 처리의 판도를 바꿔놓았다. GPT는 대규모 텍스트 데이터를 사전 학습하여 문맥을 이해하고, 사람처럼 자연스럽게 문장을 생성할 수 있다. GPT의 성능은 모델 크기와 훈련 데이터 양에 비례하여 급격히 향상되었다."
2025-06-08T22:33:08.521381,GPT가 왜 중요한 기술인가요?,2,4,1.0836,"4. 생성형 AI의 활용 최근 GPT와 같은 생성형 AI는 콘텐츠 생성, 코딩, 데이터 분석, 심지어 디자인 영역까지 확장되고 있다. 기업은 문서 요약, 회의록 작성, 이메일 자동화에 활용하고 있으며, 교육 분야에서도 AI 튜터가 부상하고 있다. 이는 전문가의 작업을 보조하는 수준을 넘어서, 인간과 협업하는 파트너로의 전환을 의미한다."
2025-06-08T22:33:08.521381,GPT가 왜 중요한 기술인가요?,3,5,1.44,"5. 미래를 향한 과제 AI가 더욱 정교해질수록 신뢰성과 투명성 확보가 중요해진다. 사용자는 AI의 판단 근거를 이해할 수 있어야 하며, 개발자는 편향 없는 데이터와 설명 가능한 알고리즘을 지향해야 한다. 장기적으로는 AI가 인간의 가치와 공존할 수 있는 방향으로 설계되어야 한다."
2025-06-16T21:49:30.950675,GPT가 왜 중요한 기술인가요?,1,2,1.0337,"2. 딥러닝과 GPT의 부상 2010년대에 들어 딥러닝 기술이 비약적으로 발전하면서 AI는 급속도로 성장했다. 특히 2018년 OpenAI에서 발표한 GPT(Generative Pretrained Transformer) 시리즈는 자연어 처리의 판도를 바꿔놓았다. GPT는 대규모 텍스트 데이터를 사전 학습하여 문맥을 이해하고, 사람처럼 자연스럽게 문장을 생성할 수 있다. GPT의 성능은 모델 크기와 훈련 데이터 양에 비례하여 급격히 향상되었다."
2025-06-16T21:49:30.950675,GPT가 왜 중요한 기술인가요?,2,4,1.0836,"4. 생성형 AI의 활용 최근 GPT와 같은 생성형 AI는 콘텐츠 생성, 코딩, 데이터 분석, 심지어 디자인 영역까지 확장되고 있다. 기업은 문서 요약, 회의록 작성, 이메일 자동화에 활용하고 있으며, 교육 분야에서도 AI 튜터가 부상하고 있다. 이는 전문가의 작업을 보조하는 수준을 넘어서, 인간과 협업하는 파트너로의 전환을 의미한다."
2025-06-16T21:49:30.950675,GPT가 왜 중요한 기술인가요?,3,5,1.44,"5. 미래를 향한 과제 AI가 더욱 정교해질수록 신뢰성과 투명성 확보가 중요해진다. 사용자는 AI의 판단 근거를 이해할 수 있어야 하며, 개발자는 편향 없는 데이터와 설명 가능한 알고리즘을 지향해야 한다. 장기적으로는 AI가 인간의 가치와 공존할 수 있는 방향으로 설계되어야 한다."
2025-06-16T21:52:31.905639,GPT가 왜 중요한 기술인가요?,1,2,1.0337,"2. 딥러닝과 GPT의 부상 2010년대에 들어 딥러닝 기술이 비약적으로 발전하면서 AI는 급속도로 성장했다. 특히 2018년 OpenAI에서 발표한 GPT(Generative Pretrained Transformer) 시리즈는 자연어 처리의 판도를 바꿔놓았다. GPT는 대규모 텍스트 데이터를 사전 학습하여 문맥을 이해하고, 사람처럼 자연스럽게 문장을 생성할 수 있다. GPT의 성능은 모델 크기와 훈련 데이터 양에 비례하여 급격히 향상되었다."
2025-06-16T21:52:31.905639,GPT가 왜 중요한 기술인가요?,2,4,1.0836,"4. 생성형 AI의 활용 최근 GPT와 같은 생성형 AI는 콘텐츠 생성, 코딩, 데이터 분석, 심지어 디자인 영역까지 확장되고 있다. 기업은 문서 요약, 회의록 작성, 이메일 자동화에 활용하고 있으며, 교육 분야에서도 AI 튜터가 부상하고 있다. 이는 전문가의 작업을 보조하는 수준을 넘어서, 인간과 협업하는 파트너로의 전환을 의미한다."
2025-06-16T21:52:31.905639,GPT가 왜 중요한 기술인가요?,3,5,1.44,"5. 미래를 향한 과제 AI가 더욱 정교해질수록 신뢰성과 투명성 확보가 중요해진다. 사용자는 AI의 판단 근거를 이해할 수 있어야 하며, 개발자는 편향 없는 데이터와 설명 가능한 알고리즘을 지향해야 한다. 장기적으로는 AI가 인간의 가치와 공존할 수 있는 방향으로 설계되어야 한다."
